FSMtype	States	Inputs	Outputs	Sequences	Symbols	Seconds	Algorithm	AlgId	fileName
4	1000	5	2	8982	32126	0.176334	ShortestSeparatingSequences	0	DFA_R1000_5.fsm
4	1000	5	2	7572	23802	0.166109	SeparatingSequencesFromSplittingTree	1	DFA_R1000_5.fsm
4	1000	5	2	1579	20146	1.086057	SplittingTreeBased	2	DFA_R1000_5.fsm
4	1000	5	2	9076	32660	0.176623	ShortestSeparatingSequences	0	DFA_R1000_5_B2ZQz.fsm
4	1000	5	2	7453	23556	0.171514	SeparatingSequencesFromSplittingTree	1	DFA_R1000_5_B2ZQz.fsm
4	1000	5	2	1522	20304	1.106486	SplittingTreeBased	2	DFA_R1000_5_B2ZQz.fsm
4	1000	5	2	9065	32552	0.181374	ShortestSeparatingSequences	0	DFA_R1000_5_CiePP.fsm
4	1000	5	2	7350	23364	0.172570	SeparatingSequencesFromSplittingTree	1	DFA_R1000_5_CiePP.fsm
4	1000	5	2	1551	20228	1.101166	SplittingTreeBased	2	DFA_R1000_5_CiePP.fsm
4	1000	5	2	9012	32370	0.178326	ShortestSeparatingSequences	0	DFA_R1000_5_uPv9l.fsm
4	1000	5	2	7599	23872	0.172311	SeparatingSequencesFromSplittingTree	1	DFA_R1000_5_uPv9l.fsm
4	1000	5	2	1533	20042	1.094919	SplittingTreeBased	2	DFA_R1000_5_uPv9l.fsm
4	1000	5	2	9058	32466	0.182334	ShortestSeparatingSequences	0	DFA_R1000_5_oUTnn.fsm
4	1000	5	2	7506	23740	0.165625	SeparatingSequencesFromSplittingTree	1	DFA_R1000_5_oUTnn.fsm
4	1000	5	2	1566	20292	1.106293	SplittingTreeBased	2	DFA_R1000_5_oUTnn.fsm
4	1000	5	2	8976	32092	0.176319	ShortestSeparatingSequences	0	DFA_R1000_5_l749y.fsm
4	1000	5	2	7486	23706	0.174431	SeparatingSequencesFromSplittingTree	1	DFA_R1000_5_l749y.fsm
4	1000	5	2	1500	20338	1.117366	SplittingTreeBased	2	DFA_R1000_5_l749y.fsm
4	1000	5	2	9066	32470	0.182304	ShortestSeparatingSequences	0	DFA_R1000_5_0JawX.fsm
4	1000	5	2	7444	23504	0.171197	SeparatingSequencesFromSplittingTree	1	DFA_R1000_5_0JawX.fsm
4	1000	5	2	1553	20622	1.119242	SplittingTreeBased	2	DFA_R1000_5_0JawX.fsm
4	1000	5	2	8966	32252	0.179992	ShortestSeparatingSequences	0	DFA_R1000_5_M2qCv.fsm
4	1000	5	2	7280	23202	0.177088	SeparatingSequencesFromSplittingTree	1	DFA_R1000_5_M2qCv.fsm
4	1000	5	2	1536	20110	1.110878	SplittingTreeBased	2	DFA_R1000_5_M2qCv.fsm
4	1000	5	2	8948	31978	0.188674	ShortestSeparatingSequences	0	DFA_R1000_5_PXrCR.fsm
4	1000	5	2	7331	23438	0.177386	SeparatingSequencesFromSplittingTree	1	DFA_R1000_5_PXrCR.fsm
4	1000	5	2	1526	20094	1.108527	SplittingTreeBased	2	DFA_R1000_5_PXrCR.fsm
4	1000	5	2	9140	32842	0.178966	ShortestSeparatingSequences	0	DFA_R1000_5_2qpjY.fsm
4	1000	5	2	7318	23494	0.177525	SeparatingSequencesFromSplittingTree	1	DFA_R1000_5_2qpjY.fsm
4	1000	5	2	1545	20446	1.123704	SplittingTreeBased	2	DFA_R1000_5_2qpjY.fsm
4	1000	5	2	9064	32480	0.185036	ShortestSeparatingSequences	0	DFA_R1000_5_ReMkb.fsm
4	1000	5	2	7448	23580	0.177559	SeparatingSequencesFromSplittingTree	1	DFA_R1000_5_ReMkb.fsm
4	1000	5	2	1544	20178	1.107488	SplittingTreeBased	2	DFA_R1000_5_ReMkb.fsm
4	1000	5	2	9046	32500	0.175102	ShortestSeparatingSequences	0	DFA_R1000_5_vRoFH.fsm
4	1000	5	2	7431	23560	0.175123	SeparatingSequencesFromSplittingTree	1	DFA_R1000_5_vRoFH.fsm
4	1000	5	2	1567	20068	1.093639	SplittingTreeBased	2	DFA_R1000_5_vRoFH.fsm
4	1000	5	2	9006	32182	0.175910	ShortestSeparatingSequences	0	DFA_R1000_5_MCKwv.fsm
4	1000	5	2	7246	23156	0.177779	SeparatingSequencesFromSplittingTree	1	DFA_R1000_5_MCKwv.fsm
4	1000	5	2	1559	20104	1.092823	SplittingTreeBased	2	DFA_R1000_5_MCKwv.fsm
4	1000	5	2	9048	32368	0.177292	ShortestSeparatingSequences	0	DFA_R1000_5_qfudu.fsm
4	1000	5	2	7321	23344	0.172720	SeparatingSequencesFromSplittingTree	1	DFA_R1000_5_qfudu.fsm
4	1000	5	2	1496	20004	1.103131	SplittingTreeBased	2	DFA_R1000_5_qfudu.fsm
4	1000	5	2	9004	32226	0.177223	ShortestSeparatingSequences	0	DFA_R1000_5_lSu8g.fsm
4	1000	5	2	7402	23508	0.177135	SeparatingSequencesFromSplittingTree	1	DFA_R1000_5_lSu8g.fsm
4	1000	5	2	1502	20086	1.104457	SplittingTreeBased	2	DFA_R1000_5_lSu8g.fsm
4	1000	5	2	9011	32338	0.174800	ShortestSeparatingSequences	0	DFA_R1000_5_kIE7w.fsm
4	1000	5	2	7514	23810	0.176979	SeparatingSequencesFromSplittingTree	1	DFA_R1000_5_kIE7w.fsm
4	1000	5	2	1534	20136	1.098475	SplittingTreeBased	2	DFA_R1000_5_kIE7w.fsm
4	1000	5	2	8998	32162	0.178191	ShortestSeparatingSequences	0	DFA_R1000_5_HoKWh.fsm
4	1000	5	2	7509	23764	0.175423	SeparatingSequencesFromSplittingTree	1	DFA_R1000_5_HoKWh.fsm
4	1000	5	2	1558	20258	1.104390	SplittingTreeBased	2	DFA_R1000_5_HoKWh.fsm
4	1000	5	2	9074	32568	0.177362	ShortestSeparatingSequences	0	DFA_R1000_5_x1NzN.fsm
4	1000	5	2	7367	23508	0.176944	SeparatingSequencesFromSplittingTree	1	DFA_R1000_5_x1NzN.fsm
4	1000	5	2	1540	20198	1.102323	SplittingTreeBased	2	DFA_R1000_5_x1NzN.fsm
4	1000	5	2	8995	32336	0.182066	ShortestSeparatingSequences	0	DFA_R1000_5_qtmfm.fsm
4	1000	5	2	7346	23364	0.179992	SeparatingSequencesFromSplittingTree	1	DFA_R1000_5_qtmfm.fsm
4	1000	5	2	1517	20312	1.115166	SplittingTreeBased	2	DFA_R1000_5_qtmfm.fsm
4	1000	5	2	8989	32236	0.179211	ShortestSeparatingSequences	0	DFA_R1000_5_Vi4C9.fsm
4	1000	5	2	7348	23330	0.170841	SeparatingSequencesFromSplittingTree	1	DFA_R1000_5_Vi4C9.fsm
4	1000	5	2	1555	20146	1.099070	SplittingTreeBased	2	DFA_R1000_5_Vi4C9.fsm
4	1000	5	2	9078	32600	0.182442	ShortestSeparatingSequences	0	DFA_R1000_5_KIQLR.fsm
4	1000	5	2	7444	23670	0.177442	SeparatingSequencesFromSplittingTree	1	DFA_R1000_5_KIQLR.fsm
4	1000	5	2	1560	20238	1.118198	SplittingTreeBased	2	DFA_R1000_5_KIQLR.fsm
4	1000	5	2	9089	32622	0.184740	ShortestSeparatingSequences	0	DFA_R1000_5_VjCcg.fsm
4	1000	5	2	7455	23612	0.178211	SeparatingSequencesFromSplittingTree	1	DFA_R1000_5_VjCcg.fsm
4	1000	5	2	1564	20318	1.119892	SplittingTreeBased	2	DFA_R1000_5_VjCcg.fsm
4	1000	5	2	9019	32402	0.182443	ShortestSeparatingSequences	0	DFA_R1000_5_gbDpK.fsm
4	1000	5	2	7450	23614	0.178518	SeparatingSequencesFromSplittingTree	1	DFA_R1000_5_gbDpK.fsm
4	1000	5	2	1519	20126	1.114978	SplittingTreeBased	2	DFA_R1000_5_gbDpK.fsm
4	1000	5	2	8920	31802	0.179207	ShortestSeparatingSequences	0	DFA_R1000_5_PGqtO.fsm
4	1000	5	2	7299	23406	0.179710	SeparatingSequencesFromSplittingTree	1	DFA_R1000_5_PGqtO.fsm
4	1000	5	2	1545	20178	1.116739	SplittingTreeBased	2	DFA_R1000_5_PGqtO.fsm
4	1000	5	2	8964	32160	0.177475	ShortestSeparatingSequences	0	DFA_R1000_5_3KOZT.fsm
4	1000	5	2	7410	23458	0.171438	SeparatingSequencesFromSplittingTree	1	DFA_R1000_5_3KOZT.fsm
4	1000	5	2	1520	20576	1.142121	SplittingTreeBased	2	DFA_R1000_5_3KOZT.fsm
4	1000	5	2	8924	31842	0.182794	ShortestSeparatingSequences	0	DFA_R1000_5_f8qye.fsm
4	1000	5	2	7428	23426	0.173016	SeparatingSequencesFromSplittingTree	1	DFA_R1000_5_f8qye.fsm
4	1000	5	2	1526	20262	1.124749	SplittingTreeBased	2	DFA_R1000_5_f8qye.fsm
4	1000	5	2	9016	32336	0.174696	ShortestSeparatingSequences	0	DFA_R1000_5_opyKo.fsm
4	1000	5	2	7292	23270	0.170859	SeparatingSequencesFromSplittingTree	1	DFA_R1000_5_opyKo.fsm
4	1000	5	2	1595	20164	1.107506	SplittingTreeBased	2	DFA_R1000_5_opyKo.fsm
4	1000	5	2	9034	32368	0.181116	ShortestSeparatingSequences	0	DFA_R1000_5_g98Rp.fsm
4	1000	5	2	7378	23452	0.172677	SeparatingSequencesFromSplittingTree	1	DFA_R1000_5_g98Rp.fsm
4	1000	5	2	1552	20124	1.119496	SplittingTreeBased	2	DFA_R1000_5_g98Rp.fsm
4	1000	5	2	8967	32058	0.176696	ShortestSeparatingSequences	0	DFA_R1000_5_1U2qb.fsm
4	1000	5	2	7391	23564	0.171385	SeparatingSequencesFromSplittingTree	1	DFA_R1000_5_1U2qb.fsm
4	1000	5	2	1521	19940	1.117183	SplittingTreeBased	2	DFA_R1000_5_1U2qb.fsm
4	1000	5	2	9168	33030	0.178148	ShortestSeparatingSequences	0	DFA_R1000_5_h2pXg.fsm
4	1000	5	2	7467	23698	0.172785	SeparatingSequencesFromSplittingTree	1	DFA_R1000_5_h2pXg.fsm
4	1000	5	2	1555	20218	1.123074	SplittingTreeBased	2	DFA_R1000_5_h2pXg.fsm
4	1000	5	2	9040	32446	0.178858	ShortestSeparatingSequences	0	DFA_R1000_5_sHJZQ.fsm
4	1000	5	2	7414	23452	0.172915	SeparatingSequencesFromSplittingTree	1	DFA_R1000_5_sHJZQ.fsm
4	1000	5	2	1574	20072	1.117123	SplittingTreeBased	2	DFA_R1000_5_sHJZQ.fsm
4	1000	5	2	9140	32764	0.176799	ShortestSeparatingSequences	0	DFA_R1000_5_QmTcc.fsm
4	1000	5	2	7339	23438	0.178005	SeparatingSequencesFromSplittingTree	1	DFA_R1000_5_QmTcc.fsm
4	1000	5	2	1538	20064	1.131922	SplittingTreeBased	2	DFA_R1000_5_QmTcc.fsm
4	1000	5	2	8943	32094	0.181777	ShortestSeparatingSequences	0	DFA_R1000_5_Z24gD.fsm
4	1000	5	2	7466	23644	0.170837	SeparatingSequencesFromSplittingTree	1	DFA_R1000_5_Z24gD.fsm
4	1000	5	2	1575	20140	1.120386	SplittingTreeBased	2	DFA_R1000_5_Z24gD.fsm
4	1000	5	2	9109	32758	0.179235	ShortestSeparatingSequences	0	DFA_R1000_5_sAzDE.fsm
4	1000	5	2	7554	23766	0.173691	SeparatingSequencesFromSplittingTree	1	DFA_R1000_5_sAzDE.fsm
4	1000	5	2	1580	20274	1.132153	SplittingTreeBased	2	DFA_R1000_5_sAzDE.fsm
4	1000	5	2	9073	32616	0.185293	ShortestSeparatingSequences	0	DFA_R1000_5_WA4wR.fsm
4	1000	5	2	7445	23634	0.179613	SeparatingSequencesFromSplittingTree	1	DFA_R1000_5_WA4wR.fsm
4	1000	5	2	1561	20228	1.137253	SplittingTreeBased	2	DFA_R1000_5_WA4wR.fsm
4	1000	5	2	8987	32174	0.184166	ShortestSeparatingSequences	0	DFA_R1000_5_cEyzg.fsm
4	1000	5	2	7427	23506	0.176069	SeparatingSequencesFromSplittingTree	1	DFA_R1000_5_cEyzg.fsm
4	1000	5	2	1493	19974	1.149041	SplittingTreeBased	2	DFA_R1000_5_cEyzg.fsm
4	1000	5	2	9068	32612	0.177326	ShortestSeparatingSequences	0	DFA_R1000_5_KsLF6.fsm
4	1000	5	2	7513	23686	0.173520	SeparatingSequencesFromSplittingTree	1	DFA_R1000_5_KsLF6.fsm
4	1000	5	2	1559	20084	1.134083	SplittingTreeBased	2	DFA_R1000_5_KsLF6.fsm
4	1000	5	2	9027	32236	0.175372	ShortestSeparatingSequences	0	DFA_R1000_5_RzrFU.fsm
4	1000	5	2	7499	23668	0.180449	SeparatingSequencesFromSplittingTree	1	DFA_R1000_5_RzrFU.fsm
4	1000	5	2	1538	19982	1.137560	SplittingTreeBased	2	DFA_R1000_5_RzrFU.fsm
4	1000	5	2	9074	32614	0.174718	ShortestSeparatingSequences	0	DFA_R1000_5_6Ehq8.fsm
4	1000	5	2	7426	23648	0.172330	SeparatingSequencesFromSplittingTree	1	DFA_R1000_5_6Ehq8.fsm
4	1000	5	2	1518	20076	1.144476	SplittingTreeBased	2	DFA_R1000_5_6Ehq8.fsm
4	1000	5	2	9038	32488	0.177884	ShortestSeparatingSequences	0	DFA_R1000_5_pyTyL.fsm
4	1000	5	2	7402	23546	0.174478	SeparatingSequencesFromSplittingTree	1	DFA_R1000_5_pyTyL.fsm
4	1000	5	2	1547	19976	1.136534	SplittingTreeBased	2	DFA_R1000_5_pyTyL.fsm
4	1000	5	2	9003	32266	0.177767	ShortestSeparatingSequences	0	DFA_R1000_5_wzBRj.fsm
4	1000	5	2	7586	23922	0.173793	SeparatingSequencesFromSplittingTree	1	DFA_R1000_5_wzBRj.fsm
4	1000	5	2	1561	20062	1.138368	SplittingTreeBased	2	DFA_R1000_5_wzBRj.fsm
4	1000	5	2	9010	32352	0.177038	ShortestSeparatingSequences	0	DFA_R1000_5_JpzL9.fsm
4	1000	5	2	7202	23108	0.183020	SeparatingSequencesFromSplittingTree	1	DFA_R1000_5_JpzL9.fsm
4	1000	5	2	1531	20226	1.153743	SplittingTreeBased	2	DFA_R1000_5_JpzL9.fsm
4	1000	5	2	9026	32346	0.177553	ShortestSeparatingSequences	0	DFA_R1000_5_SXuiX.fsm
4	1000	5	2	7470	23690	0.175655	SeparatingSequencesFromSplittingTree	1	DFA_R1000_5_SXuiX.fsm
4	1000	5	2	1538	20104	1.138844	SplittingTreeBased	2	DFA_R1000_5_SXuiX.fsm
4	1000	5	2	8984	32174	0.179471	ShortestSeparatingSequences	0	DFA_R1000_5_1PZeK.fsm
4	1000	5	2	7525	23794	0.177786	SeparatingSequencesFromSplittingTree	1	DFA_R1000_5_1PZeK.fsm
4	1000	5	2	1539	20004	1.131600	SplittingTreeBased	2	DFA_R1000_5_1PZeK.fsm
4	1000	5	2	8952	32072	0.182170	ShortestSeparatingSequences	0	DFA_R1000_5_S5CKg.fsm
4	1000	5	2	7304	23354	0.182756	SeparatingSequencesFromSplittingTree	1	DFA_R1000_5_S5CKg.fsm
4	1000	5	2	1551	20226	1.151527	SplittingTreeBased	2	DFA_R1000_5_S5CKg.fsm
4	1000	5	2	9054	32570	0.182034	ShortestSeparatingSequences	0	DFA_R1000_5_gcafn.fsm
4	1000	5	2	7453	23600	0.183185	SeparatingSequencesFromSplittingTree	1	DFA_R1000_5_gcafn.fsm
4	1000	5	2	1550	20434	1.168017	SplittingTreeBased	2	DFA_R1000_5_gcafn.fsm
4	1000	5	2	9025	32452	0.185636	ShortestSeparatingSequences	0	DFA_R1000_5_CxKDE.fsm
4	1000	5	2	7238	23166	0.176487	SeparatingSequencesFromSplittingTree	1	DFA_R1000_5_CxKDE.fsm
4	1000	5	2	1527	20064	1.143685	SplittingTreeBased	2	DFA_R1000_5_CxKDE.fsm
4	1000	5	2	8915	31774	0.185213	ShortestSeparatingSequences	0	DFA_R1000_5_h2s4b.fsm
4	1000	5	2	7301	23402	0.190530	SeparatingSequencesFromSplittingTree	1	DFA_R1000_5_h2s4b.fsm
4	1000	5	2	1574	20060	1.141222	SplittingTreeBased	2	DFA_R1000_5_h2s4b.fsm
4	1000	5	2	8988	32264	0.180657	ShortestSeparatingSequences	0	DFA_R1000_5_DjGfb.fsm
4	1000	5	2	7500	23726	0.181601	SeparatingSequencesFromSplittingTree	1	DFA_R1000_5_DjGfb.fsm
4	1000	5	2	1568	20168	1.148173	SplittingTreeBased	2	DFA_R1000_5_DjGfb.fsm
4	1000	5	2	9001	32228	0.182927	ShortestSeparatingSequences	0	DFA_R1000_5_G3z9j.fsm
4	1000	5	2	7204	23134	0.179152	SeparatingSequencesFromSplittingTree	1	DFA_R1000_5_G3z9j.fsm
4	1000	5	2	1553	20212	1.154059	SplittingTreeBased	2	DFA_R1000_5_G3z9j.fsm
4	1000	5	2	9169	33044	0.187981	ShortestSeparatingSequences	0	DFA_R1000_5_PcyOw.fsm
4	1000	5	2	7502	23824	0.176781	SeparatingSequencesFromSplittingTree	1	DFA_R1000_5_PcyOw.fsm
4	1000	5	2	1588	20576	1.182769	SplittingTreeBased	2	DFA_R1000_5_PcyOw.fsm
4	1000	5	2	9086	32664	0.186770	ShortestSeparatingSequences	0	DFA_R1000_5_r0h96.fsm
4	1000	5	2	7308	23354	0.175982	SeparatingSequencesFromSplittingTree	1	DFA_R1000_5_r0h96.fsm
4	1000	5	2	1555	20168	1.161667	SplittingTreeBased	2	DFA_R1000_5_r0h96.fsm
4	1000	5	2	8932	31922	0.179973	ShortestSeparatingSequences	0	DFA_R1000_5_Wv2yQ.fsm
4	1000	5	2	7453	23636	0.176487	SeparatingSequencesFromSplittingTree	1	DFA_R1000_5_Wv2yQ.fsm
4	1000	5	2	1506	20150	1.173576	SplittingTreeBased	2	DFA_R1000_5_Wv2yQ.fsm
4	1000	5	2	8942	32004	0.186366	ShortestSeparatingSequences	0	DFA_R1000_5_HgekM.fsm
4	1000	5	2	7462	23570	0.180227	SeparatingSequencesFromSplittingTree	1	DFA_R1000_5_HgekM.fsm
4	1000	5	2	1510	20054	1.166216	SplittingTreeBased	2	DFA_R1000_5_HgekM.fsm
4	1000	5	2	8987	32026	0.183373	ShortestSeparatingSequences	0	DFA_R1000_5_ICjwg.fsm
4	1000	5	2	7268	23122	0.182002	SeparatingSequencesFromSplittingTree	1	DFA_R1000_5_ICjwg.fsm
4	1000	5	2	1582	20284	1.176022	SplittingTreeBased	2	DFA_R1000_5_ICjwg.fsm
4	1000	5	2	9084	32606	0.185514	ShortestSeparatingSequences	0	DFA_R1000_5_BkENP.fsm
4	1000	5	2	7409	23472	0.183980	SeparatingSequencesFromSplittingTree	1	DFA_R1000_5_BkENP.fsm
4	1000	5	2	1535	20076	1.166228	SplittingTreeBased	2	DFA_R1000_5_BkENP.fsm
4	1000	5	2	8953	32016	0.185340	ShortestSeparatingSequences	0	DFA_R1000_5_o7smA.fsm
4	1000	5	2	7469	23612	0.179838	SeparatingSequencesFromSplittingTree	1	DFA_R1000_5_o7smA.fsm
4	1000	5	2	1538	20068	1.161352	SplittingTreeBased	2	DFA_R1000_5_o7smA.fsm
4	1000	5	2	8890	31818	0.186156	ShortestSeparatingSequences	0	DFA_R1000_5_aCgSy.fsm
4	1000	5	2	7448	23598	0.176583	SeparatingSequencesFromSplittingTree	1	DFA_R1000_5_aCgSy.fsm
4	1000	5	2	1525	20170	1.156572	SplittingTreeBased	2	DFA_R1000_5_aCgSy.fsm
4	1000	5	2	8993	32184	0.181759	ShortestSeparatingSequences	0	DFA_R1000_5_86yCd.fsm
4	1000	5	2	7352	23312	0.183788	SeparatingSequencesFromSplittingTree	1	DFA_R1000_5_86yCd.fsm
4	1000	5	2	1528	20114	1.144650	SplittingTreeBased	2	DFA_R1000_5_86yCd.fsm
4	1000	5	2	9006	32324	0.183715	ShortestSeparatingSequences	0	DFA_R1000_5_e86Wc.fsm
4	1000	5	2	7221	23120	0.188279	SeparatingSequencesFromSplittingTree	1	DFA_R1000_5_e86Wc.fsm
4	1000	5	2	1543	20090	1.137845	SplittingTreeBased	2	DFA_R1000_5_e86Wc.fsm
4	1000	5	2	9003	32294	0.183591	ShortestSeparatingSequences	0	DFA_R1000_5_3OLcI.fsm
4	1000	5	2	7380	23454	0.189859	SeparatingSequencesFromSplittingTree	1	DFA_R1000_5_3OLcI.fsm
4	1000	5	2	1575	20114	1.137453	SplittingTreeBased	2	DFA_R1000_5_3OLcI.fsm
4	1000	5	2	9032	32318	0.187601	ShortestSeparatingSequences	0	DFA_R1000_5_UXhvo.fsm
4	1000	5	2	7365	23438	0.187590	SeparatingSequencesFromSplittingTree	1	DFA_R1000_5_UXhvo.fsm
4	1000	5	2	1502	20030	1.147008	SplittingTreeBased	2	DFA_R1000_5_UXhvo.fsm
4	1000	5	2	8961	32110	0.182696	ShortestSeparatingSequences	0	DFA_R1000_5_MpQjt.fsm
4	1000	5	2	7387	23488	0.191535	SeparatingSequencesFromSplittingTree	1	DFA_R1000_5_MpQjt.fsm
4	1000	5	2	1526	20254	1.156704	SplittingTreeBased	2	DFA_R1000_5_MpQjt.fsm
4	1000	5	2	9020	32328	0.180913	ShortestSeparatingSequences	0	DFA_R1000_5_V9AyV.fsm
4	1000	5	2	7352	23456	0.184121	SeparatingSequencesFromSplittingTree	1	DFA_R1000_5_V9AyV.fsm
4	1000	5	2	1541	20190	1.156183	SplittingTreeBased	2	DFA_R1000_5_V9AyV.fsm
4	1000	5	2	9036	32454	0.181397	ShortestSeparatingSequences	0	DFA_R1000_5_bExuy.fsm
4	1000	5	2	7438	23580	0.175800	SeparatingSequencesFromSplittingTree	1	DFA_R1000_5_bExuy.fsm
4	1000	5	2	1623	20010	1.129203	SplittingTreeBased	2	DFA_R1000_5_bExuy.fsm
4	1000	5	2	9049	32366	0.176989	ShortestSeparatingSequences	0	DFA_R1000_5_LCR11.fsm
4	1000	5	2	7466	23648	0.185510	SeparatingSequencesFromSplittingTree	1	DFA_R1000_5_LCR11.fsm
4	1000	5	2	1531	20068	1.142863	SplittingTreeBased	2	DFA_R1000_5_LCR11.fsm
4	1000	5	2	9051	32424	0.179758	ShortestSeparatingSequences	0	DFA_R1000_5_rFFaQ.fsm
4	1000	5	2	7279	23278	0.172127	SeparatingSequencesFromSplittingTree	1	DFA_R1000_5_rFFaQ.fsm
4	1000	5	2	1502	20158	1.157405	SplittingTreeBased	2	DFA_R1000_5_rFFaQ.fsm
4	1000	5	2	9062	32654	0.177573	ShortestSeparatingSequences	0	DFA_R1000_5_iOuQd.fsm
4	1000	5	2	7624	23932	0.169592	SeparatingSequencesFromSplittingTree	1	DFA_R1000_5_iOuQd.fsm
4	1000	5	2	1557	20178	1.153444	SplittingTreeBased	2	DFA_R1000_5_iOuQd.fsm
4	1000	5	2	9075	32536	0.185678	ShortestSeparatingSequences	0	DFA_R1000_5_40GS6.fsm
4	1000	5	2	7303	23308	0.174356	SeparatingSequencesFromSplittingTree	1	DFA_R1000_5_40GS6.fsm
4	1000	5	2	1583	20494	1.153866	SplittingTreeBased	2	DFA_R1000_5_40GS6.fsm
4	1000	5	2	8961	32058	0.180638	ShortestSeparatingSequences	0	DFA_R1000_5_sBAii.fsm
4	1000	5	2	7441	23600	0.172574	SeparatingSequencesFromSplittingTree	1	DFA_R1000_5_sBAii.fsm
4	1000	5	2	1498	20046	1.149777	SplittingTreeBased	2	DFA_R1000_5_sBAii.fsm
4	1000	5	2	8997	32292	0.184204	ShortestSeparatingSequences	0	DFA_R1000_5_m2zx4.fsm
4	1000	5	2	7370	23362	0.176876	SeparatingSequencesFromSplittingTree	1	DFA_R1000_5_m2zx4.fsm
4	1000	5	2	1555	20278	1.148544	SplittingTreeBased	2	DFA_R1000_5_m2zx4.fsm
4	1000	5	2	9059	32438	0.181632	ShortestSeparatingSequences	0	DFA_R1000_5_UzqaF.fsm
4	1000	5	2	7296	23272	0.175833	SeparatingSequencesFromSplittingTree	1	DFA_R1000_5_UzqaF.fsm
4	1000	5	2	1527	20366	1.156468	SplittingTreeBased	2	DFA_R1000_5_UzqaF.fsm
4	1000	5	2	8970	32236	0.185473	ShortestSeparatingSequences	0	DFA_R1000_5_SBj2d.fsm
4	1000	5	2	7410	23624	0.174579	SeparatingSequencesFromSplittingTree	1	DFA_R1000_5_SBj2d.fsm
4	1000	5	2	1543	19960	1.137689	SplittingTreeBased	2	DFA_R1000_5_SBj2d.fsm
4	1000	5	2	9042	32460	0.184578	ShortestSeparatingSequences	0	DFA_R1000_5_KvH0L.fsm
4	1000	5	2	7247	23126	0.174011	SeparatingSequencesFromSplittingTree	1	DFA_R1000_5_KvH0L.fsm
4	1000	5	2	1536	20294	1.155061	SplittingTreeBased	2	DFA_R1000_5_KvH0L.fsm
4	1000	5	2	9013	32316	0.187552	ShortestSeparatingSequences	0	DFA_R1000_5_b5G2y.fsm
4	1000	5	2	7342	23366	0.185129	SeparatingSequencesFromSplittingTree	1	DFA_R1000_5_b5G2y.fsm
4	1000	5	2	1529	20114	1.150069	SplittingTreeBased	2	DFA_R1000_5_b5G2y.fsm
4	1000	5	2	9096	32764	0.185741	ShortestSeparatingSequences	0	DFA_R1000_5_PnccO.fsm
4	1000	5	2	7405	23596	0.190094	SeparatingSequencesFromSplittingTree	1	DFA_R1000_5_PnccO.fsm
4	1000	5	2	1571	20154	1.160680	SplittingTreeBased	2	DFA_R1000_5_PnccO.fsm
4	1000	5	2	8968	32006	0.177441	ShortestSeparatingSequences	0	DFA_R1000_5_L5I5W.fsm
4	1000	5	2	7317	23288	0.174144	SeparatingSequencesFromSplittingTree	1	DFA_R1000_5_L5I5W.fsm
4	1000	5	2	1582	20120	1.149550	SplittingTreeBased	2	DFA_R1000_5_L5I5W.fsm
4	1000	5	2	9040	32498	0.177933	ShortestSeparatingSequences	0	DFA_R1000_5_CIHyK.fsm
4	1000	5	2	7361	23458	0.172830	SeparatingSequencesFromSplittingTree	1	DFA_R1000_5_CIHyK.fsm
4	1000	5	2	1571	20092	1.147367	SplittingTreeBased	2	DFA_R1000_5_CIHyK.fsm
4	1000	5	2	8961	32120	0.178873	ShortestSeparatingSequences	0	DFA_R1000_5_mVVlT.fsm
4	1000	5	2	7441	23530	0.169663	SeparatingSequencesFromSplittingTree	1	DFA_R1000_5_mVVlT.fsm
4	1000	5	2	1561	20298	1.158636	SplittingTreeBased	2	DFA_R1000_5_mVVlT.fsm
4	1000	5	2	8994	32152	0.177529	ShortestSeparatingSequences	0	DFA_R1000_5_ZmbFh.fsm
4	1000	5	2	7353	23396	0.173790	SeparatingSequencesFromSplittingTree	1	DFA_R1000_5_ZmbFh.fsm
4	1000	5	2	1520	20120	1.163367	SplittingTreeBased	2	DFA_R1000_5_ZmbFh.fsm
4	1000	5	2	8963	32050	0.180543	ShortestSeparatingSequences	0	DFA_R1000_5_WRr9O.fsm
4	1000	5	2	7250	23078	0.172253	SeparatingSequencesFromSplittingTree	1	DFA_R1000_5_WRr9O.fsm
4	1000	5	2	1557	20378	1.155876	SplittingTreeBased	2	DFA_R1000_5_WRr9O.fsm
4	1000	5	2	8926	31924	0.179749	ShortestSeparatingSequences	0	DFA_R1000_5_Bo7so.fsm
4	1000	5	2	7514	23794	0.176926	SeparatingSequencesFromSplittingTree	1	DFA_R1000_5_Bo7so.fsm
4	1000	5	2	1562	20030	1.152421	SplittingTreeBased	2	DFA_R1000_5_Bo7so.fsm
4	1000	5	2	9033	32542	0.184028	ShortestSeparatingSequences	0	DFA_R1000_5_PP6OM.fsm
4	1000	5	2	7319	23384	0.181901	SeparatingSequencesFromSplittingTree	1	DFA_R1000_5_PP6OM.fsm
4	1000	5	2	1514	20066	1.152485	SplittingTreeBased	2	DFA_R1000_5_PP6OM.fsm
4	1000	5	2	8978	32228	0.182219	ShortestSeparatingSequences	0	DFA_R1000_5_ZR7IM.fsm
4	1000	5	2	7485	23704	0.180242	SeparatingSequencesFromSplittingTree	1	DFA_R1000_5_ZR7IM.fsm
4	1000	5	2	1525	20048	1.160752	SplittingTreeBased	2	DFA_R1000_5_ZR7IM.fsm
4	1000	5	2	9095	32670	0.182518	ShortestSeparatingSequences	0	DFA_R1000_5_XUPc0.fsm
4	1000	5	2	7486	23630	0.177282	SeparatingSequencesFromSplittingTree	1	DFA_R1000_5_XUPc0.fsm
4	1000	5	2	1508	20236	1.164702	SplittingTreeBased	2	DFA_R1000_5_XUPc0.fsm
4	1000	5	2	9045	32432	0.181822	ShortestSeparatingSequences	0	DFA_R1000_5_Xb3iq.fsm
4	1000	5	2	7273	23218	0.175714	SeparatingSequencesFromSplittingTree	1	DFA_R1000_5_Xb3iq.fsm
4	1000	5	2	1541	20116	1.157710	SplittingTreeBased	2	DFA_R1000_5_Xb3iq.fsm
4	1000	5	2	8937	31868	0.183574	ShortestSeparatingSequences	0	DFA_R1000_5_ivDZ1.fsm
4	1000	5	2	7391	23516	0.182678	SeparatingSequencesFromSplittingTree	1	DFA_R1000_5_ivDZ1.fsm
4	1000	5	2	1525	20330	1.152117	SplittingTreeBased	2	DFA_R1000_5_ivDZ1.fsm
4	1000	5	2	9034	32336	0.181817	ShortestSeparatingSequences	0	DFA_R1000_5_IQcjw.fsm
4	1000	5	2	7320	23392	0.203705	SeparatingSequencesFromSplittingTree	1	DFA_R1000_5_IQcjw.fsm
4	1000	5	2	1540	20094	1.153555	SplittingTreeBased	2	DFA_R1000_5_IQcjw.fsm
4	1000	5	2	8973	32094	0.183671	ShortestSeparatingSequences	0	DFA_R1000_5_gb1ed.fsm
4	1000	5	2	7349	23480	0.196068	SeparatingSequencesFromSplittingTree	1	DFA_R1000_5_gb1ed.fsm
4	1000	5	2	1548	20052	1.149310	SplittingTreeBased	2	DFA_R1000_5_gb1ed.fsm
4	1000	5	2	9017	32384	0.182695	ShortestSeparatingSequences	0	DFA_R1000_5_Py3ST.fsm
4	1000	5	2	7374	23442	0.201604	SeparatingSequencesFromSplittingTree	1	DFA_R1000_5_Py3ST.fsm
4	1000	5	2	1566	20214	1.153507	SplittingTreeBased	2	DFA_R1000_5_Py3ST.fsm
4	1000	5	2	8963	32208	0.185859	ShortestSeparatingSequences	0	DFA_R1000_5_Cc5fn.fsm
4	1000	5	2	7550	23720	0.195946	SeparatingSequencesFromSplittingTree	1	DFA_R1000_5_Cc5fn.fsm
4	1000	5	2	1551	20064	1.152846	SplittingTreeBased	2	DFA_R1000_5_Cc5fn.fsm
4	1000	5	2	9084	32734	0.188077	ShortestSeparatingSequences	0	DFA_R1000_5_tAFaK.fsm
4	1000	5	2	7436	23614	0.197692	SeparatingSequencesFromSplittingTree	1	DFA_R1000_5_tAFaK.fsm
4	1000	5	2	1571	20234	1.156308	SplittingTreeBased	2	DFA_R1000_5_tAFaK.fsm
4	1000	5	2	9017	32312	0.182149	ShortestSeparatingSequences	0	DFA_R1000_5_VuupJ.fsm
4	1000	5	2	7346	23460	0.193294	SeparatingSequencesFromSplittingTree	1	DFA_R1000_5_VuupJ.fsm
4	1000	5	2	1567	19968	1.144128	SplittingTreeBased	2	DFA_R1000_5_VuupJ.fsm
4	1000	5	2	9042	32456	0.182371	ShortestSeparatingSequences	0	DFA_R1000_5_A61cW.fsm
4	1000	5	2	7418	23580	0.183303	SeparatingSequencesFromSplittingTree	1	DFA_R1000_5_A61cW.fsm
4	1000	5	2	1562	20410	1.169180	SplittingTreeBased	2	DFA_R1000_5_A61cW.fsm
4	1000	5	2	9018	32260	0.179669	ShortestSeparatingSequences	0	DFA_R1000_5_EcTpx.fsm
4	1000	5	2	7487	23746	0.171890	SeparatingSequencesFromSplittingTree	1	DFA_R1000_5_EcTpx.fsm
4	1000	5	2	1547	20316	1.166235	SplittingTreeBased	2	DFA_R1000_5_EcTpx.fsm
4	1000	5	2	9032	32374	0.186049	ShortestSeparatingSequences	0	DFA_R1000_5_kYit8.fsm
4	1000	5	2	7582	23942	0.175742	SeparatingSequencesFromSplittingTree	1	DFA_R1000_5_kYit8.fsm
4	1000	5	2	1602	20298	1.156595	SplittingTreeBased	2	DFA_R1000_5_kYit8.fsm
4	1000	5	2	8989	32166	0.180598	ShortestSeparatingSequences	0	DFA_R1000_5_eQ2zb.fsm
4	1000	5	2	7402	23492	0.176106	SeparatingSequencesFromSplittingTree	1	DFA_R1000_5_eQ2zb.fsm
4	1000	5	2	1557	20174	1.161914	SplittingTreeBased	2	DFA_R1000_5_eQ2zb.fsm
4	1000	5	2	8958	32144	0.180206	ShortestSeparatingSequences	0	DFA_R1000_5_UpBIe.fsm
4	1000	5	2	7344	23408	0.171126	SeparatingSequencesFromSplittingTree	1	DFA_R1000_5_UpBIe.fsm
4	1000	5	2	1537	20070	1.153575	SplittingTreeBased	2	DFA_R1000_5_UpBIe.fsm
4	1000	5	2	9015	32256	0.180216	ShortestSeparatingSequences	0	DFA_R1000_5_F7CJu.fsm
4	1000	5	2	7302	23394	0.178538	SeparatingSequencesFromSplittingTree	1	DFA_R1000_5_F7CJu.fsm
4	1000	5	2	1577	20000	1.152366	SplittingTreeBased	2	DFA_R1000_5_F7CJu.fsm
4	1000	5	2	8961	32200	0.182361	ShortestSeparatingSequences	0	DFA_R1000_5_cyyhy.fsm
4	1000	5	2	7464	23648	0.172910	SeparatingSequencesFromSplittingTree	1	DFA_R1000_5_cyyhy.fsm
4	1000	5	2	1530	19930	1.150295	SplittingTreeBased	2	DFA_R1000_5_cyyhy.fsm
4	1000	10	2	8917	18806	0.168903	ShortestSeparatingSequences	0	DFA_R1000_10.fsm
4	1000	10	2	8808	18728	0.172408	SeparatingSequencesFromSplittingTree	1	DFA_R1000_10.fsm
4	1000	10	2	1556	19926	1.157673	SplittingTreeBased	2	DFA_R1000_10.fsm
4	1000	10	2	8906	18790	0.171970	ShortestSeparatingSequences	0	DFA_R1000_10_jne3x.fsm
4	1000	10	2	8909	18752	0.173749	SeparatingSequencesFromSplittingTree	1	DFA_R1000_10_jne3x.fsm
4	1000	10	2	1543	19974	1.157821	SplittingTreeBased	2	DFA_R1000_10_jne3x.fsm
4	1000	10	2	8866	18732	0.173229	ShortestSeparatingSequences	0	DFA_R1000_10_qTGNw.fsm
4	1000	10	2	8891	18740	0.187201	SeparatingSequencesFromSplittingTree	1	DFA_R1000_10_qTGNw.fsm
4	1000	10	2	1540	19866	1.173136	SplittingTreeBased	2	DFA_R1000_10_qTGNw.fsm
4	1000	10	2	8859	18760	0.172079	ShortestSeparatingSequences	0	DFA_R1000_10_b7Mnz.fsm
4	1000	10	2	8691	18712	0.201537	SeparatingSequencesFromSplittingTree	1	DFA_R1000_10_b7Mnz.fsm
4	1000	10	2	1537	20242	1.183414	SplittingTreeBased	2	DFA_R1000_10_b7Mnz.fsm
4	1000	10	2	8942	18826	0.165781	ShortestSeparatingSequences	0	DFA_R1000_10_2CzbB.fsm
4	1000	10	2	8810	18782	0.199177	SeparatingSequencesFromSplittingTree	1	DFA_R1000_10_2CzbB.fsm
4	1000	10	2	1548	20286	1.162283	SplittingTreeBased	2	DFA_R1000_10_2CzbB.fsm
4	1000	10	2	8919	18782	0.165475	ShortestSeparatingSequences	0	DFA_R1000_10_QM1yz.fsm
4	1000	10	2	8863	18850	0.172620	SeparatingSequencesFromSplittingTree	1	DFA_R1000_10_QM1yz.fsm
4	1000	10	2	1548	20108	1.156396	SplittingTreeBased	2	DFA_R1000_10_QM1yz.fsm
4	1000	10	2	8937	18788	0.166713	ShortestSeparatingSequences	0	DFA_R1000_10_PROoi.fsm
4	1000	10	2	8850	18746	0.176496	SeparatingSequencesFromSplittingTree	1	DFA_R1000_10_PROoi.fsm
4	1000	10	2	1549	19876	1.141815	SplittingTreeBased	2	DFA_R1000_10_PROoi.fsm
4	1000	10	2	8931	18680	0.167352	ShortestSeparatingSequences	0	DFA_R1000_10_YrEry.fsm
4	1000	10	2	8684	18634	0.180232	SeparatingSequencesFromSplittingTree	1	DFA_R1000_10_YrEry.fsm
4	1000	10	2	1539	19868	1.150704	SplittingTreeBased	2	DFA_R1000_10_YrEry.fsm
4	1000	10	2	8910	18726	0.170016	ShortestSeparatingSequences	0	DFA_R1000_10_X3Khu.fsm
4	1000	10	2	8811	18714	0.184176	SeparatingSequencesFromSplittingTree	1	DFA_R1000_10_X3Khu.fsm
4	1000	10	2	1531	20006	1.163019	SplittingTreeBased	2	DFA_R1000_10_X3Khu.fsm
4	1000	10	2	8908	18780	0.171085	ShortestSeparatingSequences	0	DFA_R1000_10_YhQXg.fsm
4	1000	10	2	8920	18772	0.181761	SeparatingSequencesFromSplittingTree	1	DFA_R1000_10_YhQXg.fsm
4	1000	10	2	1578	19912	1.149843	SplittingTreeBased	2	DFA_R1000_10_YhQXg.fsm
4	1000	10	2	8933	18774	0.170719	ShortestSeparatingSequences	0	DFA_R1000_10_KNphJ.fsm
4	1000	10	2	8821	18696	0.198108	SeparatingSequencesFromSplittingTree	1	DFA_R1000_10_KNphJ.fsm
4	1000	10	2	1585	20090	1.174801	SplittingTreeBased	2	DFA_R1000_10_KNphJ.fsm
4	1000	10	2	8854	18708	0.167464	ShortestSeparatingSequences	0	DFA_R1000_10_HHui8.fsm
4	1000	10	2	8780	18752	0.189855	SeparatingSequencesFromSplittingTree	1	DFA_R1000_10_HHui8.fsm
4	1000	10	2	1568	20170	1.168023	SplittingTreeBased	2	DFA_R1000_10_HHui8.fsm
4	1000	10	2	8906	18804	0.166249	ShortestSeparatingSequences	0	DFA_R1000_10_Ldlxa.fsm
4	1000	10	2	8904	18852	0.179657	SeparatingSequencesFromSplittingTree	1	DFA_R1000_10_Ldlxa.fsm
4	1000	10	2	1532	20264	1.177419	SplittingTreeBased	2	DFA_R1000_10_Ldlxa.fsm
4	1000	10	2	8868	18704	0.171451	ShortestSeparatingSequences	0	DFA_R1000_10_HiUR1.fsm
4	1000	10	2	8820	18772	0.181710	SeparatingSequencesFromSplittingTree	1	DFA_R1000_10_HiUR1.fsm
4	1000	10	2	1531	19902	1.156423	SplittingTreeBased	2	DFA_R1000_10_HiUR1.fsm
4	1000	10	2	8869	18786	0.170031	ShortestSeparatingSequences	0	DFA_R1000_10_D7Cjk.fsm
4	1000	10	2	8862	18854	0.183299	SeparatingSequencesFromSplittingTree	1	DFA_R1000_10_D7Cjk.fsm
4	1000	10	2	1531	20036	1.163766	SplittingTreeBased	2	DFA_R1000_10_D7Cjk.fsm
4	1000	10	2	8855	18688	0.168765	ShortestSeparatingSequences	0	DFA_R1000_10_mpPS1.fsm
4	1000	10	2	8560	18652	0.176478	SeparatingSequencesFromSplittingTree	1	DFA_R1000_10_mpPS1.fsm
4	1000	10	2	1509	19958	1.152225	SplittingTreeBased	2	DFA_R1000_10_mpPS1.fsm
4	1000	10	2	8888	18788	0.177280	ShortestSeparatingSequences	0	DFA_R1000_10_9AbP5.fsm
4	1000	10	2	8713	18736	0.181604	SeparatingSequencesFromSplittingTree	1	DFA_R1000_10_9AbP5.fsm
4	1000	10	2	1544	20154	1.192884	SplittingTreeBased	2	DFA_R1000_10_9AbP5.fsm
4	1000	10	2	8882	18754	0.170640	ShortestSeparatingSequences	0	DFA_R1000_10_si3ae.fsm
4	1000	10	2	8913	18766	0.193047	SeparatingSequencesFromSplittingTree	1	DFA_R1000_10_si3ae.fsm
4	1000	10	2	1509	20172	1.192090	SplittingTreeBased	2	DFA_R1000_10_si3ae.fsm
4	1000	10	2	8878	18766	0.169593	ShortestSeparatingSequences	0	DFA_R1000_10_Tx870.fsm
4	1000	10	2	8834	18854	0.178062	SeparatingSequencesFromSplittingTree	1	DFA_R1000_10_Tx870.fsm
4	1000	10	2	1498	19910	1.171873	SplittingTreeBased	2	DFA_R1000_10_Tx870.fsm
4	1000	10	2	8888	18712	0.171443	ShortestSeparatingSequences	0	DFA_R1000_10_6P2aD.fsm
4	1000	10	2	8750	18776	0.182395	SeparatingSequencesFromSplittingTree	1	DFA_R1000_10_6P2aD.fsm
4	1000	10	2	1519	19914	1.173842	SplittingTreeBased	2	DFA_R1000_10_6P2aD.fsm
4	1000	10	2	8892	18738	0.173498	ShortestSeparatingSequences	0	DFA_R1000_10_9qYJQ.fsm
4	1000	10	2	8852	18736	0.183567	SeparatingSequencesFromSplittingTree	1	DFA_R1000_10_9qYJQ.fsm
4	1000	10	2	1517	19828	1.160608	SplittingTreeBased	2	DFA_R1000_10_9qYJQ.fsm
4	1000	10	2	8879	18750	0.171301	ShortestSeparatingSequences	0	DFA_R1000_10_YWrWX.fsm
4	1000	10	2	8808	18736	0.177940	SeparatingSequencesFromSplittingTree	1	DFA_R1000_10_YWrWX.fsm
4	1000	10	2	1543	19898	1.176989	SplittingTreeBased	2	DFA_R1000_10_YWrWX.fsm
4	1000	10	2	8873	18774	0.176177	ShortestSeparatingSequences	0	DFA_R1000_10_ZMo5K.fsm
4	1000	10	2	8790	18854	0.187112	SeparatingSequencesFromSplittingTree	1	DFA_R1000_10_ZMo5K.fsm
4	1000	10	2	1560	19948	1.176613	SplittingTreeBased	2	DFA_R1000_10_ZMo5K.fsm
4	1000	10	2	8917	18712	0.175121	ShortestSeparatingSequences	0	DFA_R1000_10_TDlGJ.fsm
4	1000	10	2	8828	18720	0.206235	SeparatingSequencesFromSplittingTree	1	DFA_R1000_10_TDlGJ.fsm
4	1000	10	2	1534	20106	1.214586	SplittingTreeBased	2	DFA_R1000_10_TDlGJ.fsm
4	1000	10	2	8923	18704	0.171177	ShortestSeparatingSequences	0	DFA_R1000_10_JKkDL.fsm
4	1000	10	2	8710	18686	0.190575	SeparatingSequencesFromSplittingTree	1	DFA_R1000_10_JKkDL.fsm
4	1000	10	2	1545	20108	1.179477	SplittingTreeBased	2	DFA_R1000_10_JKkDL.fsm
4	1000	10	2	8902	18764	0.175309	ShortestSeparatingSequences	0	DFA_R1000_10_7UyYB.fsm
4	1000	10	2	8920	18780	0.184650	SeparatingSequencesFromSplittingTree	1	DFA_R1000_10_7UyYB.fsm
4	1000	10	2	1548	19986	1.173413	SplittingTreeBased	2	DFA_R1000_10_7UyYB.fsm
4	1000	10	2	8891	18706	0.169387	ShortestSeparatingSequences	0	DFA_R1000_10_aT1tS.fsm
4	1000	10	2	8603	18772	0.185307	SeparatingSequencesFromSplittingTree	1	DFA_R1000_10_aT1tS.fsm
4	1000	10	2	1553	19966	1.171285	SplittingTreeBased	2	DFA_R1000_10_aT1tS.fsm
4	1000	10	2	8875	18754	0.178433	ShortestSeparatingSequences	0	DFA_R1000_10_BVJ46.fsm
4	1000	10	2	8772	18764	0.180367	SeparatingSequencesFromSplittingTree	1	DFA_R1000_10_BVJ46.fsm
4	1000	10	2	1556	19928	1.179845	SplittingTreeBased	2	DFA_R1000_10_BVJ46.fsm
4	1000	10	2	8905	18756	0.175231	ShortestSeparatingSequences	0	DFA_R1000_10_q6x0D.fsm
4	1000	10	2	8861	18768	0.189505	SeparatingSequencesFromSplittingTree	1	DFA_R1000_10_q6x0D.fsm
4	1000	10	2	1537	19840	1.170112	SplittingTreeBased	2	DFA_R1000_10_q6x0D.fsm
4	1000	10	2	8900	18732	0.181871	ShortestSeparatingSequences	0	DFA_R1000_10_bKiy2.fsm
4	1000	10	2	8768	18722	0.190161	SeparatingSequencesFromSplittingTree	1	DFA_R1000_10_bKiy2.fsm
4	1000	10	2	1555	20066	1.176930	SplittingTreeBased	2	DFA_R1000_10_bKiy2.fsm
4	1000	10	2	8900	18758	0.173227	ShortestSeparatingSequences	0	DFA_R1000_10_9kF8l.fsm
4	1000	10	2	8754	18740	0.189083	SeparatingSequencesFromSplittingTree	1	DFA_R1000_10_9kF8l.fsm
4	1000	10	2	1562	20064	1.212072	SplittingTreeBased	2	DFA_R1000_10_9kF8l.fsm
4	1000	10	2	8876	18678	0.168732	ShortestSeparatingSequences	0	DFA_R1000_10_9NfYI.fsm
4	1000	10	2	8760	18684	0.189236	SeparatingSequencesFromSplittingTree	1	DFA_R1000_10_9NfYI.fsm
4	1000	10	2	1548	19988	1.160845	SplittingTreeBased	2	DFA_R1000_10_9NfYI.fsm
4	1000	10	2	8878	18724	0.168534	ShortestSeparatingSequences	0	DFA_R1000_10_lXde2.fsm
4	1000	10	2	8774	18684	0.177710	SeparatingSequencesFromSplittingTree	1	DFA_R1000_10_lXde2.fsm
4	1000	10	2	1550	20136	1.173437	SplittingTreeBased	2	DFA_R1000_10_lXde2.fsm
4	1000	10	2	8883	18736	0.170389	ShortestSeparatingSequences	0	DFA_R1000_10_hF5jS.fsm
4	1000	10	2	8744	18748	0.178125	SeparatingSequencesFromSplittingTree	1	DFA_R1000_10_hF5jS.fsm
4	1000	10	2	1511	19978	1.161750	SplittingTreeBased	2	DFA_R1000_10_hF5jS.fsm
4	1000	10	2	8907	18848	0.171073	ShortestSeparatingSequences	0	DFA_R1000_10_nxMAF.fsm
4	1000	10	2	8872	18844	0.181800	SeparatingSequencesFromSplittingTree	1	DFA_R1000_10_nxMAF.fsm
4	1000	10	2	1595	20518	1.167460	SplittingTreeBased	2	DFA_R1000_10_nxMAF.fsm
4	1000	10	2	8885	18768	0.173477	ShortestSeparatingSequences	0	DFA_R1000_10_JwsBn.fsm
4	1000	10	2	8881	18760	0.178287	SeparatingSequencesFromSplittingTree	1	DFA_R1000_10_JwsBn.fsm
4	1000	10	2	1569	20024	1.219078	SplittingTreeBased	2	DFA_R1000_10_JwsBn.fsm
4	1000	10	2	8821	18784	0.201788	ShortestSeparatingSequences	0	DFA_R1000_10_91Lfx.fsm
4	1000	10	2	8684	18750	0.211428	SeparatingSequencesFromSplittingTree	1	DFA_R1000_10_91Lfx.fsm
4	1000	10	2	1497	19910	1.308484	SplittingTreeBased	2	DFA_R1000_10_91Lfx.fsm
4	1000	10	2	8895	18674	0.200760	ShortestSeparatingSequences	0	DFA_R1000_10_FxTA5.fsm
4	1000	10	2	8787	18620	0.218646	SeparatingSequencesFromSplittingTree	1	DFA_R1000_10_FxTA5.fsm
4	1000	10	2	1545	20048	1.291001	SplittingTreeBased	2	DFA_R1000_10_FxTA5.fsm
4	1000	10	2	8866	18666	0.192928	ShortestSeparatingSequences	0	DFA_R1000_10_bsZ7T.fsm
4	1000	10	2	8786	18710	0.238479	SeparatingSequencesFromSplittingTree	1	DFA_R1000_10_bsZ7T.fsm
4	1000	10	2	1517	20056	1.194405	SplittingTreeBased	2	DFA_R1000_10_bsZ7T.fsm
4	1000	10	2	8918	18796	0.172560	ShortestSeparatingSequences	0	DFA_R1000_10_Jv4C9.fsm
4	1000	10	2	8849	18782	0.176425	SeparatingSequencesFromSplittingTree	1	DFA_R1000_10_Jv4C9.fsm
4	1000	10	2	1563	20052	1.170334	SplittingTreeBased	2	DFA_R1000_10_Jv4C9.fsm
4	1000	10	2	8896	18774	0.173035	ShortestSeparatingSequences	0	DFA_R1000_10_oeB5R.fsm
4	1000	10	2	8766	18770	0.184298	SeparatingSequencesFromSplittingTree	1	DFA_R1000_10_oeB5R.fsm
4	1000	10	2	1564	20026	1.164408	SplittingTreeBased	2	DFA_R1000_10_oeB5R.fsm
4	1000	10	2	8875	18790	0.177985	ShortestSeparatingSequences	0	DFA_R1000_10_wGERD.fsm
4	1000	10	2	8911	18812	0.180740	SeparatingSequencesFromSplittingTree	1	DFA_R1000_10_wGERD.fsm
4	1000	10	2	1546	20114	1.171776	SplittingTreeBased	2	DFA_R1000_10_wGERD.fsm
4	1000	10	2	8887	18878	0.172276	ShortestSeparatingSequences	0	DFA_R1000_10_jTg0n.fsm
4	1000	10	2	8850	18992	0.183409	SeparatingSequencesFromSplittingTree	1	DFA_R1000_10_jTg0n.fsm
4	1000	10	2	1561	20122	1.177990	SplittingTreeBased	2	DFA_R1000_10_jTg0n.fsm
4	1000	10	2	8882	18626	0.175535	ShortestSeparatingSequences	0	DFA_R1000_10_nKglt.fsm
4	1000	10	2	8703	18676	0.184771	SeparatingSequencesFromSplittingTree	1	DFA_R1000_10_nKglt.fsm
4	1000	10	2	1540	19918	1.166646	SplittingTreeBased	2	DFA_R1000_10_nKglt.fsm
4	1000	10	2	8904	18828	0.176610	ShortestSeparatingSequences	0	DFA_R1000_10_yxyFN.fsm
4	1000	10	2	8865	18860	0.194787	SeparatingSequencesFromSplittingTree	1	DFA_R1000_10_yxyFN.fsm
4	1000	10	2	1507	20170	1.217510	SplittingTreeBased	2	DFA_R1000_10_yxyFN.fsm
4	1000	10	2	8858	18644	0.167542	ShortestSeparatingSequences	0	DFA_R1000_10_KyhUT.fsm
4	1000	10	2	8827	18640	0.176849	SeparatingSequencesFromSplittingTree	1	DFA_R1000_10_KyhUT.fsm
4	1000	10	2	1495	20082	1.179799	SplittingTreeBased	2	DFA_R1000_10_KyhUT.fsm
4	1000	10	2	8849	18794	0.170371	ShortestSeparatingSequences	0	DFA_R1000_10_CJ4Qz.fsm
4	1000	10	2	8673	18754	0.182217	SeparatingSequencesFromSplittingTree	1	DFA_R1000_10_CJ4Qz.fsm
4	1000	10	2	1508	20152	1.178174	SplittingTreeBased	2	DFA_R1000_10_CJ4Qz.fsm
4	1000	10	2	8891	18736	0.170063	ShortestSeparatingSequences	0	DFA_R1000_10_2WyBa.fsm
4	1000	10	2	8768	18770	0.175818	SeparatingSequencesFromSplittingTree	1	DFA_R1000_10_2WyBa.fsm
4	1000	10	2	1531	20198	1.184071	SplittingTreeBased	2	DFA_R1000_10_2WyBa.fsm
4	1000	10	2	8871	18768	0.173701	ShortestSeparatingSequences	0	DFA_R1000_10_eAcPA.fsm
4	1000	10	2	8774	18784	0.183508	SeparatingSequencesFromSplittingTree	1	DFA_R1000_10_eAcPA.fsm
4	1000	10	2	1547	20014	1.167725	SplittingTreeBased	2	DFA_R1000_10_eAcPA.fsm
4	1000	10	2	8878	18740	0.173909	ShortestSeparatingSequences	0	DFA_R1000_10_OL7S3.fsm
4	1000	10	2	8876	18800	0.184029	SeparatingSequencesFromSplittingTree	1	DFA_R1000_10_OL7S3.fsm
4	1000	10	2	1508	19812	1.171719	SplittingTreeBased	2	DFA_R1000_10_OL7S3.fsm
4	1000	10	2	8878	18762	0.178597	ShortestSeparatingSequences	0	DFA_R1000_10_uUvID.fsm
4	1000	10	2	8769	18766	0.186112	SeparatingSequencesFromSplittingTree	1	DFA_R1000_10_uUvID.fsm
4	1000	10	2	1508	19886	1.173115	SplittingTreeBased	2	DFA_R1000_10_uUvID.fsm
4	1000	10	2	8926	18790	0.174067	ShortestSeparatingSequences	0	DFA_R1000_10_VbFCb.fsm
4	1000	10	2	8918	18788	0.185440	SeparatingSequencesFromSplittingTree	1	DFA_R1000_10_VbFCb.fsm
4	1000	10	2	1551	19892	1.184461	SplittingTreeBased	2	DFA_R1000_10_VbFCb.fsm
4	1000	10	2	8908	18752	0.175070	ShortestSeparatingSequences	0	DFA_R1000_10_VOCLO.fsm
4	1000	10	2	8855	18720	0.183108	SeparatingSequencesFromSplittingTree	1	DFA_R1000_10_VOCLO.fsm
4	1000	10	2	1561	20160	1.169173	SplittingTreeBased	2	DFA_R1000_10_VOCLO.fsm
4	1000	10	2	8909	18822	0.172582	ShortestSeparatingSequences	0	DFA_R1000_10_28h1p.fsm
4	1000	10	2	8684	18798	0.179054	SeparatingSequencesFromSplittingTree	1	DFA_R1000_10_28h1p.fsm
4	1000	10	2	1567	20292	1.178770	SplittingTreeBased	2	DFA_R1000_10_28h1p.fsm
4	1000	10	2	8856	18716	0.171827	ShortestSeparatingSequences	0	DFA_R1000_10_Heyrp.fsm
4	1000	10	2	8867	18742	0.178953	SeparatingSequencesFromSplittingTree	1	DFA_R1000_10_Heyrp.fsm
4	1000	10	2	1481	20352	1.197595	SplittingTreeBased	2	DFA_R1000_10_Heyrp.fsm
4	1000	10	2	8893	18700	0.172427	ShortestSeparatingSequences	0	DFA_R1000_10_Lc6iE.fsm
4	1000	10	2	8831	18674	0.178088	SeparatingSequencesFromSplittingTree	1	DFA_R1000_10_Lc6iE.fsm
4	1000	10	2	1536	19920	1.182255	SplittingTreeBased	2	DFA_R1000_10_Lc6iE.fsm
4	1000	10	2	8936	18736	0.173005	ShortestSeparatingSequences	0	DFA_R1000_10_Rg7Vw.fsm
4	1000	10	2	8805	18622	0.182380	SeparatingSequencesFromSplittingTree	1	DFA_R1000_10_Rg7Vw.fsm
4	1000	10	2	1518	19882	1.170005	SplittingTreeBased	2	DFA_R1000_10_Rg7Vw.fsm
4	1000	10	2	8889	18682	0.175867	ShortestSeparatingSequences	0	DFA_R1000_10_ZSHOf.fsm
4	1000	10	2	8777	18724	0.191112	SeparatingSequencesFromSplittingTree	1	DFA_R1000_10_ZSHOf.fsm
4	1000	10	2	1517	19850	1.170725	SplittingTreeBased	2	DFA_R1000_10_ZSHOf.fsm
4	1000	10	2	8879	18770	0.174183	ShortestSeparatingSequences	0	DFA_R1000_10_Zo9wt.fsm
4	1000	10	2	8901	18776	0.181664	SeparatingSequencesFromSplittingTree	1	DFA_R1000_10_Zo9wt.fsm
4	1000	10	2	1555	20046	1.195282	SplittingTreeBased	2	DFA_R1000_10_Zo9wt.fsm
4	1000	10	2	8889	18672	0.170706	ShortestSeparatingSequences	0	DFA_R1000_10_ctVpP.fsm
4	1000	10	2	8853	18672	0.185765	SeparatingSequencesFromSplittingTree	1	DFA_R1000_10_ctVpP.fsm
4	1000	10	2	1570	19948	1.172273	SplittingTreeBased	2	DFA_R1000_10_ctVpP.fsm
4	1000	10	2	8836	18636	0.172614	ShortestSeparatingSequences	0	DFA_R1000_10_2XkWN.fsm
4	1000	10	2	8824	18708	0.176330	SeparatingSequencesFromSplittingTree	1	DFA_R1000_10_2XkWN.fsm
4	1000	10	2	1508	19818	1.171490	SplittingTreeBased	2	DFA_R1000_10_2XkWN.fsm
4	1000	10	2	8883	18726	0.172445	ShortestSeparatingSequences	0	DFA_R1000_10_EcDTg.fsm
4	1000	10	2	8870	18778	0.180089	SeparatingSequencesFromSplittingTree	1	DFA_R1000_10_EcDTg.fsm
4	1000	10	2	1575	20150	1.182091	SplittingTreeBased	2	DFA_R1000_10_EcDTg.fsm
4	1000	10	2	8831	18668	0.171667	ShortestSeparatingSequences	0	DFA_R1000_10_3CUJZ.fsm
4	1000	10	2	8737	18662	0.183513	SeparatingSequencesFromSplittingTree	1	DFA_R1000_10_3CUJZ.fsm
4	1000	10	2	1513	19870	1.186969	SplittingTreeBased	2	DFA_R1000_10_3CUJZ.fsm
4	1000	10	2	8895	18618	0.175143	ShortestSeparatingSequences	0	DFA_R1000_10_8NT4n.fsm
4	1000	10	2	8875	18612	0.185113	SeparatingSequencesFromSplittingTree	1	DFA_R1000_10_8NT4n.fsm
4	1000	10	2	1570	20044	1.171176	SplittingTreeBased	2	DFA_R1000_10_8NT4n.fsm
4	1000	10	2	8930	18706	0.176326	ShortestSeparatingSequences	0	DFA_R1000_10_suCUw.fsm
4	1000	10	2	8790	18704	0.184172	SeparatingSequencesFromSplittingTree	1	DFA_R1000_10_suCUw.fsm
4	1000	10	2	1513	19950	1.182493	SplittingTreeBased	2	DFA_R1000_10_suCUw.fsm
4	1000	10	2	8877	18658	0.182636	ShortestSeparatingSequences	0	DFA_R1000_10_17Vyx.fsm
4	1000	10	2	8794	18712	0.171570	SeparatingSequencesFromSplittingTree	1	DFA_R1000_10_17Vyx.fsm
4	1000	10	2	1572	19924	1.200909	SplittingTreeBased	2	DFA_R1000_10_17Vyx.fsm
4	1000	10	2	8924	18812	0.172829	ShortestSeparatingSequences	0	DFA_R1000_10_PTng6.fsm
4	1000	10	2	8689	18702	0.183357	SeparatingSequencesFromSplittingTree	1	DFA_R1000_10_PTng6.fsm
4	1000	10	2	1566	20004	1.190311	SplittingTreeBased	2	DFA_R1000_10_PTng6.fsm
4	1000	10	2	8902	18796	0.176826	ShortestSeparatingSequences	0	DFA_R1000_10_QtORl.fsm
4	1000	10	2	8788	18780	0.184462	SeparatingSequencesFromSplittingTree	1	DFA_R1000_10_QtORl.fsm
4	1000	10	2	1520	20046	1.198390	SplittingTreeBased	2	DFA_R1000_10_QtORl.fsm
4	1000	10	2	8930	18920	0.175431	ShortestSeparatingSequences	0	DFA_R1000_10_u94Qi.fsm
4	1000	10	2	8717	18816	0.190016	SeparatingSequencesFromSplittingTree	1	DFA_R1000_10_u94Qi.fsm
4	1000	10	2	1510	19970	1.207999	SplittingTreeBased	2	DFA_R1000_10_u94Qi.fsm
4	1000	10	2	8929	18790	0.180465	ShortestSeparatingSequences	0	DFA_R1000_10_WTUb3.fsm
4	1000	10	2	8775	18696	0.188387	SeparatingSequencesFromSplittingTree	1	DFA_R1000_10_WTUb3.fsm
4	1000	10	2	1533	20156	1.202641	SplittingTreeBased	2	DFA_R1000_10_WTUb3.fsm
4	1000	10	2	8925	18798	0.175063	ShortestSeparatingSequences	0	DFA_R1000_10_0FsGt.fsm
4	1000	10	2	8702	18790	0.192892	SeparatingSequencesFromSplittingTree	1	DFA_R1000_10_0FsGt.fsm
4	1000	10	2	1535	20142	1.205933	SplittingTreeBased	2	DFA_R1000_10_0FsGt.fsm
4	1000	10	2	8878	18720	0.183624	ShortestSeparatingSequences	0	DFA_R1000_10_I8Bra.fsm
4	1000	10	2	8753	18728	0.190532	SeparatingSequencesFromSplittingTree	1	DFA_R1000_10_I8Bra.fsm
4	1000	10	2	1546	20018	1.187651	SplittingTreeBased	2	DFA_R1000_10_I8Bra.fsm
4	1000	10	2	8923	18740	0.183146	ShortestSeparatingSequences	0	DFA_R1000_10_pwMiS.fsm
4	1000	10	2	8845	18738	0.185457	SeparatingSequencesFromSplittingTree	1	DFA_R1000_10_pwMiS.fsm
4	1000	10	2	1531	19840	1.219079	SplittingTreeBased	2	DFA_R1000_10_pwMiS.fsm
4	1000	10	2	8866	18714	0.175443	ShortestSeparatingSequences	0	DFA_R1000_10_VrLXa.fsm
4	1000	10	2	8751	18668	0.180795	SeparatingSequencesFromSplittingTree	1	DFA_R1000_10_VrLXa.fsm
4	1000	10	2	1538	19994	1.218719	SplittingTreeBased	2	DFA_R1000_10_VrLXa.fsm
4	1000	10	2	8939	18812	0.174861	ShortestSeparatingSequences	0	DFA_R1000_10_d5r0e.fsm
4	1000	10	2	8839	18756	0.183652	SeparatingSequencesFromSplittingTree	1	DFA_R1000_10_d5r0e.fsm
4	1000	10	2	1547	19996	1.194190	SplittingTreeBased	2	DFA_R1000_10_d5r0e.fsm
4	1000	10	2	8904	18754	0.176613	ShortestSeparatingSequences	0	DFA_R1000_10_6PyrJ.fsm
4	1000	10	2	8782	18734	0.185510	SeparatingSequencesFromSplittingTree	1	DFA_R1000_10_6PyrJ.fsm
4	1000	10	2	1532	20224	1.206807	SplittingTreeBased	2	DFA_R1000_10_6PyrJ.fsm
4	1000	10	2	8871	18632	0.176348	ShortestSeparatingSequences	0	DFA_R1000_10_gOo9F.fsm
4	1000	10	2	8895	18694	0.187102	SeparatingSequencesFromSplittingTree	1	DFA_R1000_10_gOo9F.fsm
4	1000	10	2	1490	19976	1.198863	SplittingTreeBased	2	DFA_R1000_10_gOo9F.fsm
4	1000	10	2	8859	18714	0.177293	ShortestSeparatingSequences	0	DFA_R1000_10_nOfBS.fsm
4	1000	10	2	8904	18764	0.191937	SeparatingSequencesFromSplittingTree	1	DFA_R1000_10_nOfBS.fsm
4	1000	10	2	1523	19882	1.173124	SplittingTreeBased	2	DFA_R1000_10_nOfBS.fsm
4	1000	10	2	8926	18768	0.178163	ShortestSeparatingSequences	0	DFA_R1000_10_gMyrt.fsm
4	1000	10	2	8852	18714	0.182856	SeparatingSequencesFromSplittingTree	1	DFA_R1000_10_gMyrt.fsm
4	1000	10	2	1524	19942	1.194869	SplittingTreeBased	2	DFA_R1000_10_gMyrt.fsm
4	1000	10	2	8898	18772	0.183110	ShortestSeparatingSequences	0	DFA_R1000_10_UsjyY.fsm
4	1000	10	2	8702	18730	0.184243	SeparatingSequencesFromSplittingTree	1	DFA_R1000_10_UsjyY.fsm
4	1000	10	2	1572	20104	1.181009	SplittingTreeBased	2	DFA_R1000_10_UsjyY.fsm
4	1000	10	2	8861	18684	0.174229	ShortestSeparatingSequences	0	DFA_R1000_10_3kRJU.fsm
4	1000	10	2	8765	18706	0.175148	SeparatingSequencesFromSplittingTree	1	DFA_R1000_10_3kRJU.fsm
4	1000	10	2	1549	19890	1.180804	SplittingTreeBased	2	DFA_R1000_10_3kRJU.fsm
4	1000	10	2	8910	18880	0.176109	ShortestSeparatingSequences	0	DFA_R1000_10_6eeIT.fsm
4	1000	10	2	8913	18826	0.188434	SeparatingSequencesFromSplittingTree	1	DFA_R1000_10_6eeIT.fsm
4	1000	10	2	1550	20102	1.182559	SplittingTreeBased	2	DFA_R1000_10_6eeIT.fsm
4	1000	10	2	8906	18640	0.174266	ShortestSeparatingSequences	0	DFA_R1000_10_noric.fsm
4	1000	10	2	8863	18644	0.179214	SeparatingSequencesFromSplittingTree	1	DFA_R1000_10_noric.fsm
4	1000	10	2	1524	20084	1.190736	SplittingTreeBased	2	DFA_R1000_10_noric.fsm
4	1000	10	2	8885	18698	0.174707	ShortestSeparatingSequences	0	DFA_R1000_10_8JdlO.fsm
4	1000	10	2	8848	18698	0.187761	SeparatingSequencesFromSplittingTree	1	DFA_R1000_10_8JdlO.fsm
4	1000	10	2	1542	20024	1.176546	SplittingTreeBased	2	DFA_R1000_10_8JdlO.fsm
4	1000	10	2	8871	18716	0.175696	ShortestSeparatingSequences	0	DFA_R1000_10_Jurp1.fsm
4	1000	10	2	8777	18702	0.191264	SeparatingSequencesFromSplittingTree	1	DFA_R1000_10_Jurp1.fsm
4	1000	10	2	1549	19944	1.181770	SplittingTreeBased	2	DFA_R1000_10_Jurp1.fsm
4	1000	10	2	8888	18764	0.177078	ShortestSeparatingSequences	0	DFA_R1000_10_9OECb.fsm
4	1000	10	2	8715	18754	0.192936	SeparatingSequencesFromSplittingTree	1	DFA_R1000_10_9OECb.fsm
4	1000	10	2	1547	20096	1.206189	SplittingTreeBased	2	DFA_R1000_10_9OECb.fsm
4	1000	10	2	8932	18686	0.180753	ShortestSeparatingSequences	0	DFA_R1000_10_16scb.fsm
4	1000	10	2	8881	18666	0.184642	SeparatingSequencesFromSplittingTree	1	DFA_R1000_10_16scb.fsm
4	1000	10	2	1567	19956	1.174195	SplittingTreeBased	2	DFA_R1000_10_16scb.fsm
4	1000	10	2	8885	18670	0.176735	ShortestSeparatingSequences	0	DFA_R1000_10_1zJJo.fsm
4	1000	10	2	8816	18706	0.185166	SeparatingSequencesFromSplittingTree	1	DFA_R1000_10_1zJJo.fsm
4	1000	10	2	1526	20058	1.193138	SplittingTreeBased	2	DFA_R1000_10_1zJJo.fsm
4	1000	10	2	8920	18730	0.182849	ShortestSeparatingSequences	0	DFA_R1000_10_wEQ9z.fsm
4	1000	10	2	8866	18698	0.179035	SeparatingSequencesFromSplittingTree	1	DFA_R1000_10_wEQ9z.fsm
4	1000	10	2	1549	20176	1.182804	SplittingTreeBased	2	DFA_R1000_10_wEQ9z.fsm
4	1000	10	2	8872	18712	0.175035	ShortestSeparatingSequences	0	DFA_R1000_10_e42c7.fsm
4	1000	10	2	8847	18712	0.182066	SeparatingSequencesFromSplittingTree	1	DFA_R1000_10_e42c7.fsm
4	1000	10	2	1529	19784	1.175911	SplittingTreeBased	2	DFA_R1000_10_e42c7.fsm
4	1000	10	2	8887	18620	0.177740	ShortestSeparatingSequences	0	DFA_R1000_10_S6OPB.fsm
4	1000	10	2	8786	18690	0.187363	SeparatingSequencesFromSplittingTree	1	DFA_R1000_10_S6OPB.fsm
4	1000	10	2	1499	20014	1.197380	SplittingTreeBased	2	DFA_R1000_10_S6OPB.fsm
4	1000	10	2	8872	18710	0.177756	ShortestSeparatingSequences	0	DFA_R1000_10_QblB0.fsm
4	1000	10	2	8795	18688	0.187568	SeparatingSequencesFromSplittingTree	1	DFA_R1000_10_QblB0.fsm
4	1000	10	2	1531	19868	1.186470	SplittingTreeBased	2	DFA_R1000_10_QblB0.fsm
4	1000	10	2	8889	18782	0.177903	ShortestSeparatingSequences	0	DFA_R1000_10_Y9aab.fsm
4	1000	10	2	8761	18764	0.180237	SeparatingSequencesFromSplittingTree	1	DFA_R1000_10_Y9aab.fsm
4	1000	10	2	1488	20166	1.202223	SplittingTreeBased	2	DFA_R1000_10_Y9aab.fsm
4	1000	10	2	8880	18758	0.174071	ShortestSeparatingSequences	0	DFA_R1000_10_LQhhE.fsm
4	1000	10	2	8686	18768	0.187854	SeparatingSequencesFromSplittingTree	1	DFA_R1000_10_LQhhE.fsm
4	1000	10	2	1493	20016	1.197759	SplittingTreeBased	2	DFA_R1000_10_LQhhE.fsm
4	1000	10	2	8863	18752	0.175168	ShortestSeparatingSequences	0	DFA_R1000_10_1yQih.fsm
4	1000	10	2	8837	18742	0.184966	SeparatingSequencesFromSplittingTree	1	DFA_R1000_10_1yQih.fsm
4	1000	10	2	1564	19974	1.177108	SplittingTreeBased	2	DFA_R1000_10_1yQih.fsm
4	1000	10	2	8865	18662	0.178698	ShortestSeparatingSequences	0	DFA_R1000_10_ehn64.fsm
4	1000	10	2	8854	18686	0.181453	SeparatingSequencesFromSplittingTree	1	DFA_R1000_10_ehn64.fsm
4	1000	10	2	1532	20050	1.194720	SplittingTreeBased	2	DFA_R1000_10_ehn64.fsm
4	1000	10	2	8883	18780	0.175841	ShortestSeparatingSequences	0	DFA_R1000_10_wKHpX.fsm
4	1000	10	2	8777	18796	0.188073	SeparatingSequencesFromSplittingTree	1	DFA_R1000_10_wKHpX.fsm
4	1000	10	2	1535	20016	1.196161	SplittingTreeBased	2	DFA_R1000_10_wKHpX.fsm
4	1000	10	2	8887	18820	0.178729	ShortestSeparatingSequences	0	DFA_R1000_10_bXcda.fsm
4	1000	10	2	8768	18784	0.190876	SeparatingSequencesFromSplittingTree	1	DFA_R1000_10_bXcda.fsm
4	1000	10	2	1540	19924	1.188082	SplittingTreeBased	2	DFA_R1000_10_bXcda.fsm
4	1000	10	2	8910	18748	0.181988	ShortestSeparatingSequences	0	DFA_R1000_10_bD6J2.fsm
4	1000	10	2	8808	18710	0.190628	SeparatingSequencesFromSplittingTree	1	DFA_R1000_10_bD6J2.fsm
4	1000	10	2	1554	19990	1.191005	SplittingTreeBased	2	DFA_R1000_10_bD6J2.fsm
4	1000	10	2	8868	18636	0.180327	ShortestSeparatingSequences	0	DFA_R1000_10_iJON6.fsm
4	1000	10	2	8769	18730	0.177089	SeparatingSequencesFromSplittingTree	1	DFA_R1000_10_iJON6.fsm
4	1000	10	2	1519	19762	1.198303	SplittingTreeBased	2	DFA_R1000_10_iJON6.fsm
